"PROJECT","#TRAIN_RELEASES","ADDONS","CLASSIFIER","KAPPA","PRECISION","RECALL","AUC","TP","FP","TN","FN"
"bookkeeper","3","None","Naive Bayes","0.14852037967615853","0.2564102564102564","0.23809523809523808","0.7300556586270872","10.0","29.0","279.0","32.0"
"bookkeeper","3","None","IBK","0.00926402470406593","0.1276595744680851","0.14285714285714285","0.5698051948051948","6.0","41.0","267.0","36.0"
"bookkeeper","3","None","Random Forest","0.2140867489056903","0.2597402597402597","0.47619047619047616","0.7301716141001855","20.0","57.0","251.0","22.0"
