"PROJECT","#TRAIN_RELEASES","ADDONS","CLASSIFIER","KAPPA","PRECISION","RECALL","AUC","TP","FP","TN","FN"
"bookkeeper","3","Best_First_Bidirectional","Naive Bayes","0.19261822376009205","0.3055555555555556","0.2619047619047619","0.7262291280148423","11.0","25.0","283.0","31.0"
"bookkeeper","3","Best_First_Bidirectional","IBK","-0.017029328287606064","0.10714285714285714","0.14285714285714285","0.5677179962894249","6.0","50.0","258.0","36.0"
"bookkeeper","3","Best_First_Bidirectional","Random Forest","0.21910366681756427","0.2786885245901639","0.40476190476190477","0.7181895485466914","17.0","44.0","264.0","25.0"
