"PROJECT","#TRAIN_RELEASES","ADDONS","CLASSIFIER","KAPPA","PRECISION","RECALL","AUC","TP","FP","TN","FN"
"bookkeeper","5","Sensitive_Learning_CFP_1_CFN_10","Naive Bayes","0.19704835360427161","0.30303030303030304","0.24390243902439024","0.7319105691056911","10.0","23.0","337.0","31.0"
"bookkeeper","5","Sensitive_Learning_CFP_1_CFN_10","IBK","0.021868954495752175","0.13043478260869565","0.07317073170731707","0.6736449864498645","3.0","20.0","340.0","38.0"
"bookkeeper","5","Sensitive_Learning_CFP_1_CFN_10","Random Forest","0.08365071670936947","0.1794871794871795","0.17073170731707318","0.6886517615176152","7.0","32.0","328.0","34.0"
