"PROJECT","#TRAIN_RELEASES","ADDONS","CLASSIFIER","KAPPA","PRECISION","RECALL","AUC","TP","FP","TN","FN"
"bookkeeper","4","None","Naive Bayes","0.15355983553343405","0.25806451612903225","0.21052631578947367","0.7480521545555732","8.0","23.0","308.0","30.0"
"bookkeeper","4","None","IBK","0.16430569741107515","0.27586206896551724","0.21052631578947367","0.6793210367307998","8.0","21.0","310.0","30.0"
"bookkeeper","4","None","Random Forest","0.18756733967302197","0.32","0.21052631578947367","0.7380346636985212","8.0","17.0","314.0","30.0"
