"PROJECT","#TRAIN_RELEASES","ADDONS","CLASSIFIER","KAPPA","PRECISION","RECALL","AUC","TP","FP","TN","FN"
"bookkeeper","mean","Best_First_Bidirectional","Naive Bayes","0.11978457830842934","0.34758007692790305","0.3454647427882344","0.7388989255667998","25.4","38.2","231.6","32.4"
"bookkeeper","mean","Best_First_Bidirectional","IBK","0.0825119827791564","0.2578913373860182","0.28139468682793456","0.6126752261190611","19.8","43.8","226.0","38.0"
"bookkeeper","mean","Best_First_Bidirectional","Random Forest","0.23829506453254723","0.4063297896407233","0.35573736169692527","0.7045710334901713","22.8","28.8","241.0","35.0"
