"PROJECT","#TRAIN_RELEASES","ADDONS","CLASSIFIER","KAPPA","PRECISION","RECALL","AUC","TP","FP","TN","FN"
"bookkeeper","5","Under_Sampling","Naive Bayes","0.025661792915298916","0.13636363636363635","0.07317073170731707","0.7088753387533875","3.0","19.0","341.0","38.0"
"bookkeeper","5","Under_Sampling","IBK","0.10294614215769039","0.16494845360824742","0.3902439024390244","0.6345189701897019","16.0","81.0","279.0","25.0"
"bookkeeper","5","Under_Sampling","Random Forest","0.11406752797656208","0.17721518987341772","0.34146341463414637","0.682520325203252","14.0","65.0","295.0","27.0"
