"PROJECT","#TRAIN_RELEASES","ADDONS","CLASSIFIER","KAPPA","PRECISION","RECALL","AUC","TP","FP","TN","FN"
"bookkeeper","5","Over_Sampling","Naive Bayes","0.15208950059590165","0.26666666666666666","0.1951219512195122","0.7258130081300813","8.0","22.0","338.0","33.0"
"bookkeeper","5","Over_Sampling","IBK","0.014580602883354795","0.12","0.07317073170731707","0.6800474254742548","3.0","22.0","338.0","38.0"
"bookkeeper","5","Over_Sampling","Random Forest","-0.030383627101834777","0.05555555555555555","0.024390243902439025","0.6753726287262872","1.0","17.0","343.0","40.0"
