"PROJECT","#TRAIN_RELEASES","ADDONS","CLASSIFIER","KAPPA","PRECISION","RECALL","AUC","TP","FP","TN","FN"
"bookkeeper","5","None","Naive Bayes","0.12822370945053105","0.2727272727272727","0.14634146341463414","0.7319105691056911","6.0","16.0","344.0","35.0"
"bookkeeper","5","None","IBK","0.025661792915298916","0.13636363636363635","0.07317073170731707","0.6736449864498645","3.0","19.0","341.0","38.0"
"bookkeeper","5","None","Random Forest","0.016889131026968558","0.16666666666666666","0.024390243902439025","0.6763211382113821","1.0","5.0","355.0","40.0"
