"PROJECT","#TRAIN_RELEASES","ADDONS","CLASSIFIER","KAPPA","PRECISION","RECALL","AUC","TP","FP","TN","FN"
"zookeeper","mean","Sensitive_Learning_CFP_1_CFN_10","Naive Bayes","0.3323050004527625","0.8042300185354261","0.364576166703011","0.7335822876391355","35.3","10.75","159.2","62.9"
"zookeeper","mean","Sensitive_Learning_CFP_1_CFN_10","IBK","0.15156066654879147","0.65086493868417","0.22191968094843414","0.6695805650082648","21.5","15.7","154.25","76.7"
"zookeeper","mean","Sensitive_Learning_CFP_1_CFN_10","Random Forest","0.2362023092770477","0.6899296959454274","0.3370859468996082","0.7246832343780952","32.55","21.55","148.4","65.65"
