"PROJECT","#TRAIN_RELEASES","ADDONS","CLASSIFIER","KAPPA","PRECISION","RECALL","AUC","TP","FP","TN","FN"
"zookeeper","13","None","Naive Bayes","0.2701421800947869","0.9230769230769231","0.24242424242424243","0.7659014386287114","24.0","2.0","163.0","75.0"
"zookeeper","13","None","IBK","0.0246305418719213","0.5","0.050505050505050504","0.6825834098561371","5.0","5.0","160.0","94.0"
"zookeeper","13","None","Random Forest","0.029999999999999975","0.75","0.030303030303030304","0.689623507805326","3.0","1.0","164.0","96.0"
