"PROJECT","#TRAIN_RELEASES","ADDONS","CLASSIFIER","KAPPA","PRECISION","RECALL","AUC","TP","FP","TN","FN"
"zookeeper","14","Best_First_Bidirectional","Naive Bayes","0.32230462065031384","0.90625","0.29591836734693877","0.7790754856159331","29.0","3.0","163.0","69.0"
"zookeeper","14","Best_First_Bidirectional","IBK","0.1339099314047121","0.8571428571428571","0.12244897959183673","0.7148389476272436","12.0","2.0","164.0","86.0"
"zookeeper","14","Best_First_Bidirectional","Random Forest","0.1173553719008263","0.9090909090909091","0.10204081632653061","0.6802618637816572","10.0","1.0","165.0","88.0"
