"PROJECT","#TRAIN_RELEASES","ADDONS","CLASSIFIER","KAPPA","PRECISION","RECALL","AUC","TP","FP","TN","FN"
"zookeeper","12","None","Naive Bayes","0.3242704298807379","0.896551724137931","0.28888888888888886","0.776878612716763","26.0","3.0","170.0","64.0"
"zookeeper","12","None","IBK","0.18647812638091033","0.5714285714285714","0.26666666666666666","0.713102119460501","24.0","18.0","155.0","66.0"
"zookeeper","12","None","Random Forest","0.05204578761833094","0.47368421052631576","0.1","0.7072896596017983","9.0","10.0","163.0","81.0"
