"PROJECT","#TRAIN_RELEASES","ADDONS","CLASSIFIER","KAPPA","PRECISION","RECALL","AUC","TP","FP","TN","FN"
"zookeeper","6","Best_First_Bidirectional","Naive Bayes","0.27947504302925974","0.8333333333333334","0.32608695652173914","0.7539855072463768","30.0","6.0","99.0","62.0"
"zookeeper","6","Best_First_Bidirectional","IBK","0.26528295767796334","0.896551724137931","0.2826086956521739","0.6618530020703933","26.0","3.0","102.0","66.0"
"zookeeper","6","Best_First_Bidirectional","Random Forest","0.20027063599458722","0.8148148148148148","0.2391304347826087","0.7547619047619047","22.0","5.0","100.0","70.0"
