"PROJECT","#TRAIN_RELEASES","ADDONS","CLASSIFIER","KAPPA","PRECISION","RECALL","AUC","TP","FP","TN","FN"
"zookeeper","4","None","Naive Bayes","0.3304","0.8372093023255814","0.3956043956043956","0.7365440681767212","36.0","7.0","91.0","55.0"
"zookeeper","4","None","IBK","0.19694533762057873","0.7741935483870968","0.26373626373626374","0.6003027584660238","24.0","7.0","91.0","67.0"
"zookeeper","4","None","Random Forest","0.2484872932634126","1.0","0.24175824175824176","0.7577932271809823","22.0","0.0","98.0","69.0"
