"PROJECT","#TRAIN_RELEASES","ADDONS","CLASSIFIER","KAPPA","PRECISION","RECALL","AUC","TP","FP","TN","FN"
"zookeeper","mean","Best_First_Bidirectional","Naive Bayes","0.30591818598865717","0.8489776707958961","0.3070945287243835","0.7406551067458912","29.95","5.9","164.05","68.25"
"zookeeper","mean","Best_First_Bidirectional","IBK","0.14553667225128022","0.6850886635420819","0.19683294910709231","0.6713229956625171","19.05","12.6","157.35","79.15"
"zookeeper","mean","Best_First_Bidirectional","Random Forest","0.1382636491223732","0.7228920436469761","0.17054717805342934","0.6941953643582861","16.75","9.1","160.85","81.45"
