"PROJECT","#TRAIN_RELEASES","ADDONS","CLASSIFIER","KAPPA","PRECISION","RECALL","AUC","TP","FP","TN","FN"
"zookeeper","9","None","Naive Bayes","0.25717023315234744","0.47368421052631576","0.32142857142857145","0.6100721045515998","27.0","30.0","287.0","57.0"
"zookeeper","9","None","IBK","0.01687097444421363","0.22580645161290322","0.16666666666666666","0.5130501727504883","14.0","48.0","269.0","70.0"
"zookeeper","9","None","Random Forest","0.015640953229205164","0.22641509433962265","0.14285714285714285","0.5920835211056031","12.0","41.0","276.0","72.0"
