"PROJECT","#TRAIN_RELEASES","ADDONS","CLASSIFIER","KAPPA","PRECISION","RECALL","AUC","TP","FP","TN","FN"
"zookeeper","mean","Under_Sampling","Naive Bayes","0.3150104024748045","0.8070560993422168","0.33851190604719755","0.7295601914810731","32.85","8.75","161.2","65.35"
"zookeeper","mean","Under_Sampling","IBK","0.2579747037235053","0.5994051308343282","0.4422884583085597","0.6562272990553072","42.6","33.55","136.4","55.6"
"zookeeper","mean","Under_Sampling","Random Forest","0.28013190225385076","0.630288645852561","0.4383807458397665","0.7141265555629017","42.2","29.1","140.85","56.0"
