"PROJECT","#TRAIN_RELEASES","ADDONS","CLASSIFIER","KAPPA","PRECISION","RECALL","AUC","TP","FP","TN","FN"
"zookeeper","14","None","Naive Bayes","0.29665898617511527","0.9285714285714286","0.2653061224489796","0.7930292598967298","26.0","2.0","164.0","72.0"
"zookeeper","14","None","IBK","0.1294964028776977","0.9166666666666666","0.11224489795918367","0.7204942217850996","11.0","1.0","165.0","87.0"
"zookeeper","14","None","Random Forest","0.12503766194636923","1.0","0.10204081632653061","0.712441603147283","10.0","0.0","166.0","88.0"
