"PROJECT","#TRAIN_RELEASES","ADDONS","CLASSIFIER","KAPPA","PRECISION","RECALL","AUC","TP","FP","TN","FN"
"zookeeper","18","Best_First_Bidirectional","Naive Bayes","0.22942016566695234","0.9259259259259259","0.21367521367521367","0.676923076923077","25.0","2.0","168.0","92.0"
"zookeeper","18","Best_First_Bidirectional","IBK","0.05319587628865974","0.8571428571428571","0.05128205128205128","0.6976872800402212","6.0","1.0","169.0","111.0"
"zookeeper","18","Best_First_Bidirectional","Random Forest","0.07299741602067181","0.8888888888888888","0.06837606837606838","0.6252136752136752","8.0","1.0","169.0","109.0"
