"PROJECT","#TRAIN_RELEASES","ADDONS","CLASSIFIER","KAPPA","PRECISION","RECALL","AUC","TP","FP","TN","FN"
"zookeeper","mean","Over_Sampling","Naive Bayes","0.31849776682877506","0.8184698930147807","0.3357270847865785","0.7388991246654153","32.55","8.3","161.65","65.65"
"zookeeper","mean","Over_Sampling","IBK","0.168002825669943","0.6516953187318794","0.24484316392306615","0.6624819928006189","23.65","17.05","152.9","74.55"
"zookeeper","mean","Over_Sampling","Random Forest","0.1632233074487889","0.6934229754423178","0.21617510960237998","0.6816468015660754","21.15","13.3","156.65","77.05"
