"PROJECT","#TRAIN_RELEASES","ADDONS","CLASSIFIER","KAPPA","PRECISION","RECALL","AUC","TP","FP","TN","FN"
"zookeeper","7","Best_First_Bidirectional","Naive Bayes","0.36139783609003867","0.7551020408163265","0.4111111111111111","0.7345804988662131","37.0","12.0","135.0","53.0"
"zookeeper","7","Best_First_Bidirectional","IBK","0.22681673599217025","0.5892857142857143","0.36666666666666664","0.6376795162509449","33.0","23.0","124.0","57.0"
"zookeeper","7","Best_First_Bidirectional","Random Forest","0.2275034038866195","0.6078431372549019","0.34444444444444444","0.7031368102796675","31.0","20.0","127.0","59.0"
