"PROJECT","#TRAIN_RELEASES","ADDONS","CLASSIFIER","KAPPA","PRECISION","RECALL","AUC","TP","FP","TN","FN"
"zookeeper","11","None","Naive Bayes","0.5215211630738379","0.8679245283018868","0.5111111111111111","0.8093992248062015","46.0","7.0","165.0","44.0"
"zookeeper","11","None","IBK","0.31250437338184883","0.6229508196721312","0.4222222222222222","0.7292635658914729","38.0","23.0","149.0","52.0"
"zookeeper","11","None","Random Forest","0.2559988641204034","0.5892857142857143","0.36666666666666664","0.7406976744186047","33.0","23.0","149.0","57.0"
