"PROJECT","#TRAIN_RELEASES","ADDONS","CLASSIFIER","KAPPA","PRECISION","RECALL","AUC","TP","FP","TN","FN"
"zookeeper","20","Best_First_Bidirectional","Naive Bayes","0.3156584992343033","0.8181818181818182","0.3103448275862069","0.7163009404388715","36.0","8.0","201.0","80.0"
"zookeeper","20","Best_First_Bidirectional","IBK","0.253969756490049","0.6938775510204082","0.29310344827586204","0.7194769839960402","34.0","15.0","194.0","82.0"
"zookeeper","20","Best_First_Bidirectional","Random Forest","0.1924414889840737","0.6122448979591837","0.25862068965517243","0.6905419897706649","30.0","19.0","190.0","86.0"
