"PROJECT","#TRAIN_RELEASES","ADDONS","CLASSIFIER","KAPPA","PRECISION","RECALL","AUC","TP","FP","TN","FN"
"zookeeper","16","None","Naive Bayes","0.24847250509164967","0.9285714285714286","0.22807017543859648","0.6883176148463644","26.0","2.0","171.0","88.0"
"zookeeper","16","None","IBK","0.15627939793038556","0.8181818181818182","0.15789473684210525","0.7188165500456343","18.0","4.0","169.0","96.0"
"zookeeper","16","None","Random Forest","0.1702755324797924","0.9","0.15789473684210525","0.6857823750126762","18.0","2.0","171.0","96.0"
