"PROJECT","#TRAIN_RELEASES","ADDONS","CLASSIFIER","KAPPA","PRECISION","RECALL","AUC","TP","FP","TN","FN"
"zookeeper","5","None","Naive Bayes","0.278453829634932","0.8666666666666667","0.3023255813953488","0.7338564009934523","26.0","4.0","99.0","60.0"
"zookeeper","5","None","IBK","0.16908269961977193","0.6764705882352942","0.26744186046511625","0.6446714834048318","23.0","11.0","92.0","63.0"
"zookeeper","5","None","Random Forest","0.18162136155881645","0.8181818181818182","0.20930232558139536","0.725333032287198","18.0","4.0","99.0","68.0"
