"PROJECT","#TRAIN_RELEASES","ADDONS","CLASSIFIER","KAPPA","PRECISION","RECALL","AUC","TP","FP","TN","FN"
"zookeeper","10","Best_First_Bidirectional","Naive Bayes","0.3668026669320328","0.8571428571428571","0.2891566265060241","0.7839582629583756","24.0","4.0","317.0","59.0"
"zookeeper","10","Best_First_Bidirectional","IBK","0.08146368667152849","0.2909090909090909","0.1927710843373494","0.5717636902751192","16.0","39.0","282.0","67.0"
"zookeeper","10","Best_First_Bidirectional","Random Forest","0.10302801266002194","0.35135135135135137","0.1566265060240964","0.6334684532522614","13.0","24.0","297.0","70.0"
