"PROJECT","#TRAIN_RELEASES","ADDONS","CLASSIFIER","KAPPA","PRECISION","RECALL","AUC","TP","FP","TN","FN"
"zookeeper","9","Best_First_Bidirectional","Naive Bayes","0.3229641279459721","0.6341463414634146","0.30952380952380953","0.685218566922037","26.0","15.0","302.0","58.0"
"zookeeper","9","Best_First_Bidirectional","IBK","-0.03313105504098782","0.17543859649122806","0.11904761904761904","0.4890528766711732","10.0","47.0","270.0","74.0"
"zookeeper","9","Best_First_Bidirectional","Random Forest","-0.004700560963171571","0.20408163265306123","0.11904761904761904","0.5987494366831906","10.0","39.0","278.0","74.0"
