"PROJECT","#TRAIN_RELEASES","FEATURE_SELECTION","SAMPLING","COST_SENSITIVE","CLASSIFIER","KAPPA","PRECISION","RECALL","AUC","TP","FP","TN","FN"
"zookeeper","17","None","None","None","Naive Bayes","0.23250999223624805","0.9259259259259259","0.21551724137931033","0.6874369832627546","25.0","2.0","169.0","91.0"
"zookeeper","17","None","None","None","IBK","0.11955473748794823","0.8235294117647058","0.1206896551724138","0.7179874974793305","14.0","3.0","168.0","102.0"
"zookeeper","17","None","None","None","Random Forest","0.12371557747636658","0.9285714285714286","0.11206896551724138","0.620714861867312","13.0","1.0","170.0","103.0"
