"PROJECT","#TRAIN_RELEASES","ADDONS","CLASSIFIER","KAPPA","PRECISION","RECALL","AUC","TP","FP","TN","FN"
"zookeeper","6","None","Naive Bayes","0.2885786665229343","0.8787878787878788","0.31521739130434784","0.75351966873706","29.0","4.0","101.0","63.0"
"zookeeper","6","None","IBK","0.2551582586151021","0.8666666666666667","0.2826086956521739","0.6545031055900621","26.0","4.0","101.0","66.0"
"zookeeper","6","None","Random Forest","0.26528295767796334","0.896551724137931","0.2826086956521739","0.7690476190476191","26.0","3.0","102.0","66.0"
