"PROJECT","#TRAIN_RELEASES","ADDONS","CLASSIFIER","KAPPA","PRECISION","RECALL","AUC","TP","FP","TN","FN"
"zookeeper","mean","None","Naive Bayes","0.288619180330649","0.8407823527543746","0.2975503615314966","0.7335709736147524","29.0","7.05","162.9","69.2"
"zookeeper","mean","None","IBK","0.15809265779153378","0.6754588179133045","0.21852035738012981","0.6695815961912379","21.15","14.05","155.9","77.05"
"zookeeper","mean","None","Random Forest","0.1582237749943242","0.7251083635316652","0.19010534222278158","0.7052261008622115","18.65","9.55","160.4","79.55"
